code_pays,pays,salary_median_ED0-2,salary_median_ED3-4,salary_median_ED5-8,salary_gap_ED5-8_vs_ED0-2,From_0-2_To_0-2,From_0-2_To_3-4,From_0-2_To_5-8,From_3-4_To_0-2,From_3-4_To_3-4,From_3-4_To_5-8,From_5-8_To_0-2,From_5-8_To_3-4,From_5-8_To_5-8,From_5-6_To_0-2,From_5-6_To_3-4,From_5-6_To_5-8,ppp_value,score_maths_pisa,score_lecture_pisa,variance_maths_pisa
ALB,Albanie,3194.0,4119.0,5642.0,0.433888691953208,85.7,60.7,37.1,14.0,36.7,42.9,0.4,2.6,19.9,0.8,4.1,19.6,51.1,,,
AT,Albanie,24290.0,32981.0,37322.0,0.3491774288623332,64.8,29.2,11.5,31.9,61.6,54.5,3.3,9.2,34.0,7.0,17.6,48.2,0.952,487.27,480.0,19.38
,Bosnie-Herzégovine,,,,,,,,,,,,,,,,,0.867,,,
BE,Belgique,ERREUR_TYPE,29065.0,35280.0,0.3923469387755102,76.5,44.5,18.3,17.7,40.2,36.9,5.8,15.4,44.8,6.2,14.8,45.7,0.965,489.49,479.0,21.83
BG,Bulgarie,3684.0,7146.0,10774.0,0.658065713755337,86.9,22.0,3.9,12.5,69.6,58.1,0.6,8.4,37.9,0.5,9.5,39.6,0.881,417.3,,17.24
CH,Suisse,40505.0,50170.0,63193.0,0.3590271074327852,71.2,22.1,10.7,22.0,54.3,35.7,6.8,23.6,53.7,8.7,24.5,50.7,1.44,507.99,,20.82